Volume_ID,area,diameter,out_layer_involvement
160,2616,13442.9999562403,0
1,5048,20605.999999701,0
