Volume_ID,area,diameter,out_layer_involvement
160,2616,86.900352979548,0.112203900380199
1,5048,104.754698444518,3.11554668440896
